593088304,BSGrowNA9T-,2017-03-26 14:18:05,56
593088304,BSFduy2gnvn,2017-03-26 02:57:20,50
257163552,BSGeVf9FA0P,2017-03-26 12:21:52,249
257163552,BSFIFyUlX4w,2017-03-25 23:48:14,Error-1
257163552,BSDDHK_l5-Y,2017-03-25 04:26:15,98
257163552,BSDCEDBgM8B,2017-03-25 04:17:05,93
257163552,BR7EuoNBHJF,2017-03-22 02:06:27,54
257163552,BRw9cqQAwqi,2017-03-18 03:50:26,37
257163552,BRpOTWzA8Y2,2017-03-15 03:43:47,Error-1
257163552,BRpH4zllZ6G,2017-03-15 02:47:44,551
257163552,BRV_PJZByMH,2017-03-07 16:26:34,76
257163552,BRQJMFcjOFU,2017-03-05 09:58:05,63
257163552,BRPaFIUDbJh,2017-03-05 03:06:27,198
257163552,BQu6uemgGfT,2017-02-20 12:16:46,32
89971225,BSTa3ayhkrN,2017-03-31 13:01:40,146
89971225,BSSIiseDuL1,2017-03-31 01:02:19,59
89971225,BSQoJB1Bhdk,2017-03-30 10:59:57,55
89971225,BSOFjsVhtHk,2017-03-29 11:19:16,67
89971225,BSN17TFFqmv,2017-03-29 09:02:41,36
89971225,BSJhc-bD3Wa,2017-03-27 16:46:49,742
89971225,BSJgse1DN4I,2017-03-27 16:40:12,50
89971225,BSC7AjPBxQx,2017-03-25 03:15:27,13
89971225,BRiT_NJhfwO,2017-03-12 11:18:47,Error-1
89971225,BRhyxK4jNPj,2017-03-12 06:28:30,33
89971225,BRhdpzZFjS8,2017-03-12 03:24:00,81
89971225,BRhHvPHD3qv,2017-03-12 00:12:30,755
297958937,BR9dsIeBFRl,2017-03-23 00:23:03,Error-3
297958937,BR0ec45htaV,2017-03-19 12:36:32,148
297958937,BRgL-PhAeWu,2017-03-11 15:30:16,18
297958937,BRX_bcYgkC-,2017-03-08 11:06:44,229
297958937,BRMvzShgQBB,2017-03-04 02:18:32,Error-1
297958937,BQ4tTFaBLPf,2017-02-24 07:31:51,115
297958937,BQu0ETaBiT2,2017-02-20 11:18:35,26
297958937,BQuogTNBi3b,2017-02-20 09:37:33,Error-1
297958937,BQscCgwANtu,2017-02-19 13:10:09,20
297958937,BQp8A3AAEHy,2017-02-18 13:51:49,Error-3
297958937,BQpKsnQhjdx,2017-02-18 06:40:53,19
297958937,BQpHfIWgmu5,2017-02-18 06:12:50,26
1032809277,BRzuUoAFash,2017-03-19 05:35:59,64
1032809277,BRiSrUTFS-k,2017-03-12 11:07:19,17
1032809277,BP48jZyhFbG,2017-01-30 13:13:45,Error-4
1032809277,BPjjnptBm6s,2017-01-22 05:51:49,Error-4
1032809277,BO1kXV6hzLE,2017-01-04 09:13:16,21
1032809277,BOt_-eog_g0,2017-01-01 10:40:37,32
1032809277,BOt_1nKgwIh,2017-01-01 10:39:25,14
1032809277,BOt_vY4AN8e,2017-01-01 10:38:34,14
1032809277,BOt_pF7AWMc,2017-01-01 10:37:42,16
1032809277,BOt_i_oALrC,2017-01-01 10:36:52,20
1032809277,BOt_ZAHAfB5,2017-01-01 10:35:30,13
1032809277,BOhc3AGjz5S,2016-12-27 13:42:53,48
256629321,BSI4prahiUz,2017-03-27 10:50:17,Error-3
256629321,BSIMctmDAtH,2017-03-27 04:24:02,25
256629321,BRpxNWZjAH6,2017-03-15 08:48:48,48
256629321,BRotAXvhmvh,2017-03-14 22:52:50,Error-1
256629321,BRb-sOTBPTO,2017-03-10 00:17:15,68
256629321,BRazezGFPNS,2017-03-09 13:20:03,29
256629321,BRPf2z8DlLL,2017-03-05 03:56:55,Error-1
256629321,BRPedntDtGU,2017-03-05 03:44:44,29
256629321,BRN_zx8gOJ_,2017-03-04 13:57:39,40
256629321,BRN5AWnDAGG,2017-03-04 12:58:12,21
256629321,BRIMey8Dn1B,2017-03-02 07:52:56,Error-1
256629321,BRHhRxCBWNc,2017-03-02 01:35:25,70
240560261,BR0D4jogqe6,2017-03-19 08:44:23,23
240560261,BNrjt3gA1Q7,2016-12-06 15:23:49,23
240560261,BL5Tx4MDJVy,2016-10-23 06:31:08,Error-1
240560261,BKuNIaJhv18,2016-09-24 02:30:00,35
240560261,BKb_WTlB2_0,2016-09-17 00:43:14,35
240560261,BITt0jBj0WI,2016-07-26 02:33:22,Error-3
240560261,BBwZY8gEShR,2016-02-14 06:13:03,Error-3
240560261,BBL7-SGHqZv,2016-01-31 02:23:20,Error-1
240560261,BBKVsplFzSA,2016-01-30 11:29:38,33
240560261,BASQ8jBMIv8,2016-01-08 16:50:39,49
240560261,_bi40ynAsZ,2015-12-18 10:49:12,31
240560261,_bixOtHAsM,2015-12-18 10:48:10,19
270663134,-lvsj9s_Ko,2015-11-27 13:22:08,43
270663134,-aeyRgs_Cg,2015-11-23 04:22:43,25
270663134,-ads0Fs_Bh,2015-11-23 04:13:14,63
270663134,-X4ikNt2KE,2015-11-22 04:10:03,63
270663134,-V_wfQN2C0,2015-11-21 10:34:38,29
270663134,-V8czat2OS,2015-11-21 10:05:44,19
270663134,-V6mxwN2L9,2015-11-21 09:49:37,17
270663134,-TKA8HM_Pf,2015-11-20 08:06:32,44
270663134,-TJko3M_O5,2015-11-20 08:02:40,34
270663134,-THOP6s_Mv,2015-11-20 07:42:08,46
270663134,-IvDe5M_Df,2015-11-16 06:58:33,40
270663134,-Iu4ias_DS,2015-11-16 06:57:03,58
1019142836,BHjjsAYjN-l,2016-07-07 09:41:16,40
1019142836,BHcSbLChOCq,2016-07-04 13:55:44,Error-3
1019142836,BHZZAwyDb_L,2016-07-03 10:55:34,32
1019142836,BHRhWifB_x0,2016-06-30 09:34:32,110
1019142836,BG_-ewDIw0-,2016-06-23 14:02:44,22
1019142836,BG3ZSImin0N,2016-06-20 06:03:46,58
1019142836,BGy0ofxxNhS,2016-06-18 11:26:33,17
1019142836,BGoDAwan3RX,2016-06-14 07:00:33,34
1019142836,BGTx8ODiyrV,2016-06-06 10:06:34,20
1019142836,BGQoNS0pWKP,2016-06-05 04:43:48,Error-3
1019142836,BGMXzVYr9c2,2016-06-03 13:03:29,Error-3
1019142836,BGDV9C8iyhu,2016-05-31 00:54:10,13
279695071,BSDuReDjgYN,2017-03-25 10:43:24,16
279695071,BR2BMsWjkZH,2017-03-20 02:59:24,36
279695071,BRo-xBTBlWh,2017-03-15 01:28:01,26
279695071,BQU7zEnAjhx,2017-02-10 10:05:53,43
279695071,BQUtjb1jfCF,2017-02-10 08:01:25,15
279695071,BPFCIqTlJcZ,2017-01-10 09:22:01,21
279695071,BPCOKUyFgIh,2017-01-09 07:09:23,37
279695071,BOQ5iTbAc3M,2016-12-21 03:26:22,Error-3
279695071,BOAJbe0h96y,2016-12-14 15:18:09,23
279695071,BNg33YjgMYs,2016-12-02 11:48:13,34
279695071,BNfpn5XBRxH,2016-12-02 00:24:32,15
279695071,BNWEhemjty5,2016-11-28 07:07:11,71
504320725,BR9zUz5BvRH,2017-03-23 03:32:06,53
504320725,BRnoJriAp8D,2017-03-14 12:51:10,308
504320725,BRao4amAI5e,2017-03-09 11:47:26,33
504320725,BRXQa3qBL-o,2017-03-08 04:15:57,Error-1
504320725,BRKXqfClbxv,2017-03-03 04:09:08,117
504320725,BQ0M1gMlJNh,2017-02-22 13:31:13,93
504320725,BQsY84JFIy4,2017-02-19 12:43:10,127
504320725,BQnj7aqlCN1,2017-02-17 15:42:53,90
504320725,BQnR4WqlKCS,2017-02-17 13:05:10,91
504320725,BQhkNx5jgYv,2017-02-15 07:49:57,12
504320725,BQXjPzIAuFB,2017-02-11 10:29:05,Error-3
504320725,BQXhy2kAz3Y,2017-02-11 10:16:23,Error-3
255948820,BQkH5QQAKts,2017-02-16 07:40:12,75
255948820,BOYepPagUCD,2016-12-24 02:05:19,Error-3
255948820,BMQb89fDmXW,2016-11-01 06:05:05,Error-1
255948820,BLYjnEBjpn2,2016-10-10 13:14:31,69
255948820,BLYeUFpj8cY,2016-10-10 12:28:14,52
255948820,BLTxbR0j4qB,2016-10-08 16:39:03,82
255948820,BLTuzN0jWdU,2016-10-08 16:16:06,67
255948820,BLPxz3ED2SR,2016-10-07 03:25:26,79
255948820,BLPxb1WjpZw,2016-10-07 03:22:09,72
255948820,BIxBuuyBAyj,2016-08-06 11:45:18,69
255948820,BHUHXKsA3wS,2016-07-01 09:45:09,25
255948820,BFbMK9qy_Rf,2016-05-15 10:39:04,46
293829385,BRXGbJYAr4Z,2017-03-08 02:48:37,177
293829385,BRVTz0jA7PO,2017-03-07 10:07:06,192
293829385,BQnWD4WDqyV,2017-02-17 13:41:42,Error-1
293829385,BPrsU_uhe7S,2017-01-25 09:41:51,28
293829385,BPRkPfuAiC3,2017-01-15 06:10:56,38
293829385,BPPp957hwjU,2017-01-14 12:22:29,47
293829385,BNjTqrYBiXp,2016-12-03 10:29:38,Error-3
293829385,BMlbrzQAE2b,2016-11-09 09:46:47,41
293829385,BMjQk0OAq4D,2016-11-08 13:31:14,34
293829385,BMcyk0DBgcc,2016-11-06 01:13:39,Error-1
293829385,BMOg8X0ABEK,2016-10-31 12:10:12,50
293829385,BMLx92FlaK4,2016-10-30 10:41:14,119
262943342,BPPKPVNgLsh,2017-01-14 07:45:14,138
262943342,BPARkojjUEY,2017-01-08 13:00:42,63
262943342,BOyUgaFAXFj,2017-01-03 02:56:59,121
262943342,BOjAKzDgGtT,2016-12-28 04:10:39,131
262943342,BNLe1k7AyOi,2016-11-24 04:25:28,Error-1
262943342,BMgAIquAb_Q,2016-11-07 07:09:51,142
262943342,BK40gAmDp_R,2016-09-28 05:26:25,62
262943342,BKq2jueAiJO,2016-09-22 19:15:02,103
262943342,BJj4NrajgQB,2016-08-26 05:43:25,15
262943342,BJj1kArDfpZ,2016-08-26 05:20:15,114
262943342,BI7yKNUghVc,2016-08-10 16:00:53,125
262943342,BIsWqw4AQCa,2016-08-04 16:12:04,120
272299592,BOT2EOGgONL,2016-12-22 06:53:46,81
272299592,BIkDPIlDAGc,2016-08-01 10:48:20,Error-3
272299592,BHzQr_VBE0S,2016-07-13 12:03:05,147
272299592,BDqcnnLuki2,2016-04-01 15:48:36,18
272299592,BDpuSsyOkqW,2016-04-01 09:03:48,Error-1
272299592,8ahDJEtW0l,2015-10-04 11:39:43,33
1020376281,BNRxpo4goi1,2016-11-26 15:05:19,22
1020376281,BNRw2BqgmgA,2016-11-26 14:58:16,15
1020376281,BNQzPeSh8r9,2016-11-26 05:59:58,67
1020376281,BMjOP_Sh7K2,2016-11-08 13:10:55,307
1020376281,BLVdWqQh-2W,2016-10-09 08:22:08,30
1020376281,BKx71ESgT5L,2016-09-25 13:15:46,38
1020376281,BKurKqGjarN,2016-09-24 06:52:27,Error-3
1020376281,BKNIYBRBwns,2016-09-11 06:13:30,82
1020376281,BJ2T0mpAeSf,2016-09-02 09:30:59,85
1020376281,BJW48avAcVB,2016-08-21 04:39:40,36
1020376281,BJSmmmDD4B9,2016-08-19 12:42:26,Error-3
1020376281,BJG-4AKAQsH,2016-08-15 00:23:39,44
256148224,BQaOfRZFCjs,2017-02-12 11:25:25,7388
256148224,BQXeDxcjH5D,2017-02-11 09:43:45,Error-1
256148224,BQIJlPuDJUd,2017-02-05 10:56:12,18
256148224,BPjcUt5jUJj,2017-01-22 04:48:04,71
256148224,BPPEcLcB2zO,2017-01-14 06:54:34,Error-3
256148224,BPCJHDPj94T,2017-01-09 06:25:15,23
256148224,BOrX5EmAduz,2016-12-31 10:11:52,Error-3
256148224,BOo6X_OA3-0,2016-12-30 11:15:28,124
256148224,BNsNJyVl3sm,2016-12-06 21:25:53,44
256148224,BNsM5iRlhP0,2016-12-06 21:23:40,37
256148224,BM7xhupDLlI,2016-11-18 02:00:56,60
256148224,BMOE2VYjIsD,2016-10-31 08:04:43,38
250177138,BRz0PBtlXyS,2017-03-19 06:27:39,51
250177138,BKnaRoyAp0H,2016-09-21 11:10:10,Error-1
250177138,BKU17-vBnRw,2016-09-14 06:06:18,Error-1
250177138,BCLvnnOr_41,2016-02-24 21:06:47,171
250177138,BB3MUI6r_59,2016-02-16 21:33:29,158
250177138,BB1zlFAt-Sg,2016-02-16 08:38:06,20
250177138,BBaACgDQY7O,2016-02-05 13:28:14,98
250177138,BBXzQfOL_xV,2016-02-04 16:58:04,141
250177138,BA07PsNr_xI,2016-01-22 03:54:27,46
250177138,_uJNLcr__F,2015-12-25 16:10:21,50
250177138,_haFUsFpEH,2015-12-20 17:27:42,Error-3
250177138,-35iwow_n-,2015-12-04 14:34:30,Error-4
257090953,BMgvysUhCTG,2016-11-07 14:06:17,71
257090953,BLlMOS_DukT,2016-10-15 11:00:17,56
257090953,BJUU8PlAIE-,2016-08-20 04:46:35,432
257090953,BAddhtBp24U,2016-01-13 01:12:14,465
257090953,BAMrV0SEG0B,2016-01-06 12:45:51,39
257090953,-NGWImG1qo,2015-11-17 23:39:02,Error-3
257090953,-E0G_EEG9b,2015-11-14 18:25:45,86
257090953,-Ej0Drgk78,2015-11-14 16:03:22,28
257090953,-DZapREilj,2015-11-14 05:13:16,116
257090953,v48A3urVLO,2014-11-27 04:24:25,38
257090953,vbKtC6h8MK,2014-11-15 14:55:34,29
257090953,va0XGvhweU,2014-11-15 11:40:20,27
58573872,p-eRSolgWu,2014-07-03 04:51:36,Error-3
58573872,pdGHhinTSQ,2014-06-20 05:45:37,84
58573872,msWCWjwsrx,2014-04-12 14:19:08,Error-3
58573872,mFlgdQLcOJ,2014-03-28 13:03:57,Error-3
58573872,mFiAnorcJa,2014-03-28 12:33:23,Error-1
58573872,mFgcF3v3y1,2014-03-28 12:19:39,Error-3
58573872,lhX93ZSp35,2014-03-14 11:32:58,Error-3
58573872,lVenTGM97f,2014-03-09 20:40:10,Error-1
58573872,lVedCQM97H,2014-03-09 20:38:46,Error-3
58573872,lVeOpJM96j,2014-03-09 20:36:48,Error-3
58573872,lVd7pYs96A,2014-03-09 20:34:12,Error-1
58573872,lVdw9ys95r,2014-03-09 20:32:45,Error-3
439977827,BSUr_r7gPa9,2017-04-01 00:50:35,28
439977827,BSGyLnNgax5,2017-03-26 15:15:16,31
439977827,BRpwz9BgKGr,2017-03-15 08:45:20,76
439977827,BRTHe1uAJVK,2017-03-06 13:40:54,23
439977827,BRHmZZjBTzF,2017-03-02 02:20:09,55
439977827,BQr-1VmAXrR,2017-02-19 08:54:56,150
439977827,BQJwFcgFYeL,2017-02-06 01:51:53,28
439977827,BQH8KikFQvL,2017-02-05 08:58:58,23
439977827,BPVrVNuBUeH,2017-01-16 20:29:51,44
439977827,BPSqsYvBjnH,2017-01-15 16:26:33,52
439977827,BPB4Hk5gWGF,2017-01-09 03:56:46,30
439977827,BN-1QymgzcZ,2016-12-14 03:02:42,27
1032256740,BSTa2Y2g0ql,2017-03-31 13:01:32,21
1032256740,BSS26zJgW-G,2017-03-31 07:47:33,16
1032256740,BR2MWhfB5Zu,2017-03-20 04:36:52,13
1032256740,BR0Q0oOBGYT,2017-03-19 10:37:27,Error-3
1032256740,BRuANK8D7GC,2017-03-17 00:16:48,17
1032256740,BRb8fSRh6oa,2017-03-09 23:58:00,63
1032256740,BRYTqE9lIj2,2017-03-08 14:03:29,32
1032256740,BRLYnIYlsii,2017-03-03 13:36:39,Error-1
1032256740,BQ8Bntygy1c,2017-02-25 14:27:09,28
1032256740,BQxda6XBHzI,2017-02-21 11:58:25,13
1032256740,BQxdYIwBjaC,2017-02-21 11:58:02,Error-3
1032256740,BQxdV7uBRwQ,2017-02-21 11:57:44,Error-3
276196572,BM-meP7h3Yf,2016-11-19 04:22:04,183
276196572,BM-mDIRBlCd,2016-11-19 04:18:22,170
276196572,BM-dnQsA86-,2016-11-19 03:04:39,33
276196572,BMIYMDeD2AP,2016-10-29 02:58:16,87
276196572,BL5-2eQhBNS,2016-10-23 12:47:30,17
276196572,BL5ylJ6BEHn,2016-10-23 11:00:16,Error-3
276196572,BLf9uiWBYr6,2016-10-13 10:17:25,Error-3
276196572,BK6tfE2h5q6,2016-09-28 23:03:36,12
276196572,BKjiekohVN3,2016-09-19 23:04:53,68
276196572,BKaCDb4hMrS,2016-09-16 06:28:23,14
276196572,BKPP1DyDkLq,2016-09-12 01:57:07,Error-3
276196572,BJj1rwkgySL,2016-08-26 05:21:18,37
264489686,BQ4FYvFl-j7,2017-02-24 01:43:05,21
264489686,BPS8u3pj5ZG,2017-01-15 19:04:10,Error-1
264489686,BCbog66zhT-,2016-03-02 01:12:33,49
264489686,BB_qUq1qIwj,2016-02-20 04:29:37,49
264489686,BB-F36hEjsr,2016-02-19 13:51:53,12
264489686,8CtTx-Do10,2015-09-25 05:45:04,30
264489686,6qLfRYmjal,2015-08-21 20:36:22,Error-3
264489686,6M3HRrOOJr,2015-08-10 11:20:21,13
264489686,6M2vytOOJL,2015-08-10 11:17:09,Error-3
264489686,51e0xLDo9f,2015-08-01 09:25:35,42
264489686,4MDaD_u9Gi,2015-06-21 10:45:45,92
264489686,3WgG1ogQCb,2015-05-31 15:37:33,12
299917750,BRb-Y2OBunf,2017-03-10 00:14:36,Error-3
299917750,BPgfuh1jac1,2017-01-21 01:20:05,57
299917750,BL_mnXuj4zu,2016-10-25 17:11:10,20
299917750,6gqm4KJ0jW,2015-08-18 03:55:53,326
299917750,zZJMSlm3IZ,2015-02-22 06:09:27,15
299917750,zY551xm3EU,2015-02-22 03:55:52,22
299917750,zYsQiVG3Mt,2015-02-22 01:56:38,>25
299917750,zXyVaLm3I8,2015-02-21 17:30:29,18
299917750,zXxX4hG3Gt,2015-02-21 17:22:05,15
299917750,zXagoVG3HC,2015-02-21 14:02:18,14
299917750,zXWu0XG3Ae,2015-02-21 13:29:17,23
299917750,zXAsPYm3B5,2015-02-21 10:16:42,27
427072870,BN_mY50DrB5,2016-12-14 10:11:58,35
427072870,BMbb1TKDFXH,2016-11-05 12:35:41,52
427072870,BL-NxiAjKFj,2016-10-25 04:14:51,58
427072870,BL4vf7WD7ms,2016-10-23 01:14:06,Error-1
427072870,BF2fpHAtsbx,2016-05-26 01:08:42,25
427072870,BBRwYARCGmR,2016-02-02 08:37:26,25
427072870,_8WHpmmif4,2015-12-31 04:32:34,Error-1
427072870,_V2fD1RZjU,2015-12-16 05:45:00,32
427072870,6uo4tpsFP5,2015-08-23 14:10:13,Error-1
427072870,5yMcbINR1C,2015-07-31 02:47:15,13
427072870,5yMB1pNR0Y,2015-07-31 02:43:37,18
427072870,5yL3NsNR0A,2015-07-31 02:42:10,Error-3
280498949,BO4MibyBzrl,2017-01-05 09:42:47,27
280498949,BMp6685BUlC,2016-11-11 03:36:42,Error-1
280498949,BKsTNS-gSKO,2016-09-23 08:44:37,11
280498949,BJwnvs6A1mL,2016-08-31 04:29:38,Error-3
280498949,BHTH9pNAZq7,2016-07-01 00:31:09,Error-1
280498949,_VnX0NxZvR,2015-12-16 03:32:56,32
280498949,4RUVF0Gqxh,2015-06-23 11:49:49,15
280498949,1C_STWCF2c,2015-04-04 08:42:24,Error-1
280498949,0WkSiBKKSK,2015-03-18 02:39:55,19
280498949,yixMwmS8QO,2015-02-01 03:20:49,170
280498949,yYlJWUjOK9,2015-01-28 04:23:05,Error-1
280498949,v8Gh7BLGQD,2014-11-28 09:54:02,33
253577438,BHpCCLHheyQ,2016-07-09 12:42:38,Error-1
253577438,BHm0TFFheKE,2016-07-08 16:04:08,26
253577438,BHmIR-5DwKY,2016-07-08 09:39:30,73
253577438,BF7-jd9GAtR,2016-05-28 04:15:01,Error-3
253577438,-6ifAdFuQc,2015-12-05 15:10:44,Error-3
253577438,-5fM62rV7K,2015-12-05 05:22:49,Error-1
253577438,-EGpYaTHJA,2015-11-14 11:48:30,Error-3
253577438,9QtmX3STag,2015-10-25 12:48:22,27
253577438,9A1wmKvLbC,2015-10-19 08:51:49,26
253577438,8rSDXlgBwf,2015-10-10 23:55:45,65
253577438,77c1u_NmxQ,2015-09-22 10:06:28,Error-1
253577438,6_7rCaSOfD,2015-08-30 07:21:28,18
300986993,BHhCQttBAAB,2016-07-06 10:10:42,88
300986993,BF5PZXElgch,2016-05-27 02:44:28,Error-1
300986993,BDNqROpwlV5,2016-03-21 11:29:54,187
300986993,BDDEYkowlTd,2016-03-17 08:46:27,187
300986993,BDDDOj7QlSX,2016-03-17 08:36:21,160
300986993,BCVEfvfCAFd,2016-02-28 12:02:22,21
300986993,BB9VbLUwlWv,2016-02-19 06:48:31,197
300986993,BB2YuLpwlet,2016-02-16 14:02:39,Error-1
300986993,_lxSndglKq,2015-12-22 10:07:28,Error-3
300986993,-wBoZvQlZc,2015-12-01 13:11:15,224
300986993,7Aohj-uagP,2015-08-30 13:53:23,48
300986993,4GJk3zQoOz,2015-06-19 03:44:13,107
337919301,BRVaJBrgZn7,2017-03-07 11:02:25,Error-3
337919301,BQuE4RxAIVQ,2017-02-20 04:26:15,Error-3
337919301,BQsu4xMjlKs,2017-02-19 15:54:50,Error-1
337919301,BQPJwwEAIkg,2017-02-08 04:12:28,Error-1
337919301,BOrGqWGhpaZ,2016-12-31 07:41:19,14
337919301,BOBEVUcg2py,2016-12-14 23:52:52,Error-1
337919301,BN3jt9-gOqJ,2016-12-11 07:14:43,33
337919301,BNyD8vXAuw3,2016-12-09 04:00:54,Error-1
337919301,BNF00CWApE6,2016-11-21 23:42:04,Error-1
337919301,BMIF1zajbV3,2016-10-29 00:17:56,12
337919301,BLvyfQ-DsVH,2016-10-19 13:47:04,Error-1
337919301,BLP_ijIgCEe,2016-10-07 05:25:24,239
32760769,sLksejpu83,2014-08-27 00:00:39,65
32760769,nxOMeiImDT,2014-05-09 08:18:13,Error-1
32760769,mE5EhcuPnx,2014-03-28 06:35:39,Error-3
32760769,mDU9FMGDHG,2014-03-27 16:00:49,27
32760769,mC6yD6lNo1,2014-03-27 12:12:08,Error-3
32760769,mCsQbYlNrg,2014-03-27 10:05:12,Error-1
32760769,mCYv7PlNuJ,2014-03-27 07:14:44,Error-3
32760769,iA97qiBCnk,2013-12-17 07:55:36,16
32760769,hkrtO_sBzf,2013-12-06 08:17:36,Error-1
32760769,f1Qd36mUx6,2013-10-24 01:43:53,11
32760769,eORzWGouEF,2013-09-14 01:53:46,Error-1
32760769,afdq_MQ9kR,2013-06-13 07:59:00,Error-3
1028271063,BGWqE_auBzM,2016-06-07 12:55:35,Error-3
1028271063,BGWm_AHAnC2,2016-06-07 12:28:33,143
1028271063,BGQefI1Bm8d,2016-06-05 03:18:51,21
1028271063,BF-Vd7SLhhB,2016-05-29 02:13:43,Error-3
1028271063,BF5l44gQoCm,2016-05-27 06:01:00,29
1028271063,BFupQ4OpyF1,2016-05-22 23:58:51,Error-3
1028271063,BFlMtG3saVh,2016-05-19 07:56:08,Error-3
1028271063,BFZDirmMhm9,2016-05-14 14:45:11,13
1028271063,BFLCvy0CXvt,2016-05-09 04:08:52,26
1028271063,BEbK819nbT8,2016-04-20 13:57:00,22
1028271063,BD8bObBMxGn,2016-04-08 15:22:45,11
1028271063,BDqGRELtNoG,2016-04-01 12:33:17,13
797258075,BRSUqiFABLL,2017-03-06 06:16:51,29
797258075,BP_pPRbg3uT,2017-02-02 03:39:40,60
797258075,BORkm3FBXWB,2016-12-21 09:42:44,35
797258075,BK41qOTjSKq,2016-09-28 05:36:33,49
797258075,BK0Mc27jBZo,2016-09-26 10:19:30,43
797258075,BKaNqX7Dt8k,2016-09-16 08:09:49,54
797258075,BFoNFLZq8VN,2016-05-20 11:57:08,27
797258075,BDQRL_kq8Y5,2016-03-22 11:48:28,31
797258075,BB9-PUwQcjD,2016-02-19 12:45:10,160
797258075,BB86zVEK8We,2016-02-19 02:55:53,24
797258075,BBXZs_eGKJz,2016-02-04 13:14:46,247
797258075,_QNRURPHdJ,2015-12-14 01:08:40,117
1001707901,BHTtHlzDodV,2016-07-01 05:55:50,204
1001707901,7NoYYPP_4q,2015-09-04 15:02:15,422
1014258713,7zFcUYzU-j,2015-09-19 04:08:06,117
81063587,BBmNXDSgqav,2016-02-10 07:15:31,190
81063587,eMBT93C0Qm,2013-09-13 04:51:12,17
399541316,uFN7v5m9il,2014-10-13 05:49:06,54
236186692,BPh0elgAa92,2017-01-21 13:40:39,Error-1
236186692,BPhx6lVDAdr,2017-01-21 13:18:16,16
236186692,BPhv_yGAQkf,2017-01-21 13:01:30,Error-3
236186692,BPhutVbBrR4,2017-01-21 12:50:14,29
236186692,BPhsn-sBhae,2017-01-21 12:32:02,Error-1
236186692,BPhsHv9D3oA,2017-01-21 12:27:38,Error-1
236186692,BPhnQNNhlTz,2017-01-21 11:45:06,22
236186692,BPhlCrbgYDH,2017-01-21 11:25:46,25
236186692,BPhixqQjnm7,2017-01-21 11:05:58,42
236186692,BPhdtBOAOwr,2017-01-21 10:21:39,Error-1
236186692,BPhcsI1guwd,2017-01-21 10:12:47,28
236186692,BPhaNwlhavH,2017-01-21 09:51:10,Error-1
719406,BSVlrkyhOc2,2017-04-01 09:14:39,26
719406,BSU6_UVBj4l,2017-04-01 03:01:36,50
719406,BSU6gc3hRbI,2017-04-01 02:57:24,63
719406,BSTMqUJAB_b,2017-03-31 10:57:33,15
719406,BSTK0vag9fk,2017-03-31 10:41:29,16
719406,BSSS4NCjwK-,2017-03-31 02:32:38,40
719406,BSOTUywh3Ir,2017-03-29 13:19:34,Error-4
719406,BSLLfLFjrvK,2017-03-28 08:13:22,60
719406,BSK7eQcDu65,2017-03-28 05:53:26,18
719406,BSIVCzpFdaC,2017-03-27 05:39:09,21
719406,BSGRCPAjSLC,2017-03-26 10:25:38,13
719406,BSGQNBcgmc9,2017-03-26 10:18:22,Error-1
2191594,BBYyPFZv-V3,2016-02-05 02:08:23,Error-1
2191594,9fSuzNwgpB,2015-10-31 04:42:12,Error-3
2191594,8BArEoECN-,2015-09-24 13:55:47,Error-3
2191594,1NX7PzwgYg,2015-04-08 09:30:06,Error-3
2191594,0M6qjKtROk,2015-03-14 08:43:01,109
2191594,0DTAvtiEEG,2015-03-10 15:03:22,13
2191594,zSId3gEwks,2015-02-19 12:48:26,Error-1
2191594,zFFotuikje,2015-02-14 11:13:34,Error-1
2191594,xfmna6GzQ5,2015-01-06 01:19:13,Error-3
2191594,xJmFLJMqX8,2014-12-28 12:11:15,30
2191594,wiZhhYHLxv,2014-12-13 06:51:09,Error-3
2191594,wNqPfjMb9I,2014-12-05 05:33:11,Error-1
213641310,BSYY5w_gESH,2017-04-02 11:20:43,Error-1
213641310,BSYWE4mjZN6,2017-04-02 10:56:01,Error-3
213641310,BSYU8klDsUS,2017-04-02 10:46:09,30
213641310,BSYU09bhVzc,2017-04-02 10:45:06,Error-1
213641310,BSYQxalDC9B,2017-04-02 10:09:40,Error-1
213641310,BSYOo--l2aw,2017-04-02 09:51:02,Error-3
213641310,BSYMtoaD67k,2017-04-02 09:34:12,25
213641310,BSYMGGHAYNJ,2017-04-02 09:28:48,97
213641310,BSYL3EvBu7p,2017-04-02 09:26:45,41
213641310,BSYLtGqAsJu,2017-04-02 09:25:23,72
213641310,BSYKugNFDJA,2017-04-02 09:16:51,11
213641310,BSYIH42j0lc,2017-04-02 08:54:06,18
639443,BQDCzH1hg2c,2017-02-03 11:20:44,Error-3
639443,BQDAWz3A03J,2017-02-03 10:59:23,21
639443,BQC2iRGDT9T,2017-02-03 09:33:34,Error-1
639443,BQCDYaBAzI3,2017-02-03 02:06:35,49
639443,BP-Iy3LBCd8,2017-02-01 13:36:55,55
639443,BP-F979Adj3,2017-02-01 13:12:13,26
639443,BP9d86yjh_F,2017-02-01 07:22:33,Error-1
639443,BP7yFbJBOau,2017-01-31 15:40:00,22
639443,BP6-b7jATVY,2017-01-31 08:08:41,24
639443,BP6u47dgeJn,2017-01-31 05:52:50,16
639443,BP6rQbRgvEE,2017-01-31 05:21:05,29
639443,BP49rVSDEi4,2017-01-30 13:23:34,40
235616850,BSYNKjVBgv7,2017-04-02 09:38:09,54
235616850,BSYDD8wgcvt,2017-04-02 08:09:52,Error-1
235616850,BSX-tuhD1IV,2017-04-02 07:31:53,50
235616850,BSX7UiZAjkL,2017-04-02 07:02:14,18
235616850,BSXwccuFJRq,2017-04-02 05:27:11,11
235616850,BSXbmx2FeDZ,2017-04-02 02:25:06,23
235616850,BSXVAHtFxn-,2017-04-02 01:27:23,519
235616850,BSXPKvAAqiH,2017-04-02 00:36:25,Error-1
235616850,BSXM409ACaN,2017-04-02 00:16:29,14
235616850,BSWOI9xBzXD,2017-04-01 15:08:11,Error-1
235616850,BSV8O69gfCk,2017-04-01 12:31:43,19
235616850,BSV8HyLDI1o,2017-04-01 12:30:44,11
525292,BSYaQoylsHU,2017-04-02 11:32:35,30
525292,BSYEFtyjryL,2017-04-02 08:18:51,35
525292,BSXbOQ-FTSH,2017-04-02 02:21:45,121
525292,BSV__M4gjWb,2017-04-01 13:04:31,160
525292,BSVu0aPlPy0,2017-04-01 10:34:30,80
525292,BSVqbViD-ph,2017-04-01 09:56:07,55
525292,BSUtwIghpZP,2017-04-01 01:05:56,35
525292,BSTcqUxAKBh,2017-03-31 13:17:21,132
525292,BSTbJcYgNqw,2017-03-31 13:04:08,128
525292,BSTa-tEjFnb,2017-03-31 13:02:40,>122
525292,BSTaRdxjMuL,2017-03-31 12:56:29,89
525292,BSTaIArlqnp,2017-03-31 12:55:12,147
542710,BSVPx1VAzDJ,2017-04-01 06:03:16,12
542710,BSTfae3hwsY,2017-03-31 13:41:24,Error-1
542710,BSLUMYIlQAT,2017-03-28 09:29:26,Error-3
542710,BSGMd3YhCI4,2017-03-26 09:45:43,72
542710,BSEaipiAwgH,2017-03-25 17:10:13,37
542710,BR_EqA2hh-f,2017-03-23 15:22:47,22
542710,BR7sEOKl5_D,2017-03-22 07:50:11,43
542710,BR7r_bwFXr2,2017-03-22 07:49:32,66
542710,BRxH3YvAVAS,2017-03-18 05:21:28,12
542710,BRvEDDXDgz8,2017-03-17 10:09:37,Error-3
542710,BRpV9hMBaM8,2017-03-15 04:50:42,37
542710,BRi09QpFkaN,2017-03-12 16:06:52,59
267930810,BSXtPSiDZNr,2017-04-02 04:59:11,13
267930810,BSVoeWFDOPn,2017-04-01 09:39:04,19
267930810,BSU4vLDF-r8,2017-04-01 02:41:56,Error-1
267930810,BST0H-XDo52,2017-03-31 16:42:23,18
267930810,BSS2O1TgT-S,2017-03-31 07:41:33,16
267930810,BSNEdqrAO9z,2017-03-29 01:50:28,30
267930810,BSLsJLjAnW4,2017-03-28 12:58:43,Error-1
267930810,BSFoV6SAAlb,2017-03-26 04:30:04,27
267930810,BSFnupABY5q,2017-03-26 04:24:42,Error-3
267930810,BSEGEBCFaLL,2017-03-25 14:11:17,Error-3
267930810,BSBN62agGwW,2017-03-24 11:22:13,60
267930810,BSAfGBCl0su,2017-03-24 04:33:03,60
1550537,BSG3YduDANe,2017-03-26 16:00:43,Error-1
1550537,BR-tXemjm66,2017-03-23 11:59:17,Error-1
1550537,BR51dnsApLR,2017-03-21 14:33:49,106
1550537,BR0DEB7lH7k,2017-03-19 08:37:13,21
1550537,BRvtGQCFYRv,2017-03-17 16:08:19,38
1550537,BRaeah_gOgl,2017-03-09 10:15:58,27
1550537,BRS4p7aAEhK,2017-03-06 11:31:20,15
1550537,BRST3_hAkvE,2017-03-06 06:09:57,Error-1
1550537,BRNeeWwgdZ3,2017-03-04 09:06:22,35
1550537,BQ-ipDQhJ5v,2017-02-26 13:54:10,92
1550537,BQ9qb1SBzlz,2017-02-26 05:43:02,29
1550537,BQ5N1g1hllw,2017-02-24 12:16:10,Error-3
1019473856,BSYVEsSjahw,2017-04-02 10:47:15,Error-1
1019473856,BSYNsT2gDG-,2017-04-02 09:42:45,29
1019473856,BSYDfz6l-cI,2017-04-02 08:13:40,Error-3
1019473856,BSX8qU2AMXK,2017-04-02 07:13:56,18
1019473856,BSX0uB7AIs8,2017-04-02 06:04:32,13
1019473856,BSVxG_SFl6y,2017-04-01 10:54:31,53
1019473856,BSVlNFegg6v,2017-04-01 09:10:29,70
1019473856,BSVfDzDDlbx,2017-04-01 08:16:47,Error-1
1019473856,BSVbXwWjJdQ,2017-04-01 07:44:34,Error-4
1019473856,BSVM-r9B4u4,2017-04-01 05:38:48,18
1019473856,BSTU5V9jRkh,2017-03-31 12:09:30,Error-1
1019473856,BSTUtzZDosG,2017-03-31 12:07:56,Error-3
550638,BSV9PKShNzJ,2017-04-01 12:40:29,46
550638,BSSiyBxF5bF,2017-03-31 04:51:36,17
550638,BSNbJKClOeX,2017-03-29 05:08:39,25
550638,BSLllkhBetw,2017-03-28 12:01:26,23
550638,BSJE7jkApn3,2017-03-27 12:37:35,11
550638,BSJDLPOApxd,2017-03-27 12:22:15,75
550638,BSI8ejpgLVk,2017-03-27 11:23:43,Error-3
550638,BSFPYE9DRPQ,2017-03-26 00:51:54,14
550638,BSEbcf1jszn,2017-03-25 17:18:07,Error-1
550638,BSEWoMNAAEc,2017-03-25 16:36:02,66
550638,BSDvHRPgIbA,2017-03-25 10:50:45,Error-1
550638,BSBZJOVh55-,2017-03-24 13:00:18,32
1035222821,BSYZl14jST9,2017-04-02 11:26:44,242
1035222821,BSXuhAHFX9I,2017-04-02 05:10:20,95
1035222821,BSVzbhpDL49,2017-04-01 11:14:48,22
1035222821,BSVeyEZFzQu,2017-04-01 08:14:22,40
1035222821,BSTPf9iBOJY,2017-03-31 11:22:21,114
1035222821,BSS07MhBWff,2017-03-31 07:30:08,132
1035222821,BSQ41jOD-fO,2017-03-30 13:25:50,42
1035222821,BSOKr4kAqEC,2017-03-29 12:04:05,568
1035222821,BSJpXD4gQk8,2017-03-27 17:55:55,112
1035222821,BSIvYaFhj8y,2017-03-27 09:29:17,25
1035222821,BSIZqVEFGlE,2017-03-27 06:19:30,92
1035222821,BSGxjKDA-aR,2017-03-26 15:09:45,26
1377639,BQ7vv51hMo4,2017-02-25 11:50:59,16
1377639,BQ65SoUhF5R,2017-02-25 03:55:07,Error-3
1377639,BQ5PpwpBvKJ,2017-02-24 12:32:02,Error-1
1377639,BQ5Pbk9hRTc,2017-02-24 12:30:06,Error-3
1377639,BQ5PP72BET_,2017-02-24 12:28:31,Error-1
1377639,BQ4i35CjxA0,2017-02-24 06:00:45,Error-3
1377639,BQ2y_DTB9tT,2017-02-23 13:43:03,40
1377639,BQptNRCl0Km,2017-02-18 11:42:26,Error-1
1377639,BQomYbsgUjj,2017-02-18 01:23:33,75
1377639,BQmdWhGj2DZ,2017-02-17 05:26:10,126
1377639,BQfeyGYByYl,2017-02-14 12:24:00,Error-3
1377639,BQc7ckJjlrG,2017-02-13 12:36:44,73
415245046,BSGPLEbBuRs,2017-03-26 10:09:22,Error-1
415245046,BSDksFUBnqF,2017-03-25 09:19:39,Error-1
415245046,BSDVlVCDGj8,2017-03-25 07:07:39,Error-1
415245046,BSDKQpLDXA6,2017-03-25 05:28:43,21
415245046,BSC-EWtjnU8,2017-03-25 03:42:11,57
415245046,BSCo88yjQA3,2017-03-25 00:37:40,34
415245046,BSBC2SWBpJw,2017-03-24 09:45:28,Error-1
415245046,BSBBmRZhKzq,2017-03-24 09:34:33,Error-1
415245046,BSA9Cs2hmpY,2017-03-24 08:54:44,107
415245046,BSA21bXDufm,2017-03-24 08:00:30,38
415245046,BSAaQvXBVZf,2017-03-24 03:50:49,221
415245046,BR-f4TRhSx5,2017-03-23 10:01:26,Error-1
325364283,BPPMeL4lnSU,2017-01-14 08:04:45,Error-1
325364283,BOwnc-GgjMp,2017-01-02 11:04:03,Error-3
325364283,BOv8PbcBxof,2017-01-02 04:46:28,68
325364283,BOv6_TOD9nq,2017-01-02 04:35:31,59
325364283,BOR8qL1DWjH,2016-12-21 13:12:54,20
325364283,BORw0q7h3uo,2016-12-21 11:29:28,40
325364283,BN_qJdIAqin,2016-12-14 10:44:49,43
325364283,BN8gM96A88N,2016-12-13 05:20:11,38
325364283,BN8fEQyAwXX,2016-12-13 05:10:16,29
325364283,BN4H-WajQ66,2016-12-11 12:31:31,38
325364283,BN4FszGj8uh,2016-12-11 12:11:39,37
325364283,BN4EAJWD2S6,2016-12-11 11:56:49,23
53792101,BPe-x-TgJQd,2017-01-20 11:12:58,14
53792101,BPetk77lzJC,2017-01-20 08:42:38,114
53792101,BPZ_OKbDEHc,2017-01-18 12:40:36,69
53792101,BPXui88AsOu,2017-01-17 15:36:25,Error-1
53792101,BO3W52fjMFd,2017-01-05 01:54:08,Error-1
325238579,BSFzsTnj6nN,2017-03-26 06:09:14,14
325238579,BSBKjFkhybp,2017-03-24 10:52:45,22
325238579,BSAz4w4A8K6,2017-03-24 07:34:44,54
325238579,BR7gbjTD3wa,2017-03-22 06:08:31,Error-1
325238579,BR0lspDDFIn,2017-03-19 13:39:52,23
325238579,BR0lWx0DHVE,2017-03-19 13:36:52,22
325238579,BRzaDk4gAnU,2017-03-19 02:38:54,23
325238579,BRvrwwQBApU,2017-03-17 15:56:39,11
325238579,BRr_JgbgE9I,2017-03-16 05:29:05,19
325238579,BRqIJWKjTTI,2017-03-15 12:09:14,28
325238579,BRiT5ufFOVp,2017-03-12 11:18:02,17
325238579,BRf6rVwAPNs,2017-03-11 12:59:08,64
298857979,BSDD2pRg8gZ,2017-03-25 04:32:44,30
298857979,BR-vjaTDR6e,2017-03-23 12:18:23,Error-3
298857979,BR27pxMlxKZ,2017-03-20 11:30:11,14
298857979,BRufIo1Dw8G,2017-03-17 04:47:04,11
298857979,BRtBnIFgsxO,2017-03-16 15:09:51,Error-1
298857979,BRsJ19-Af28,2017-03-16 07:02:32,Error-1
298857979,BRigQFrBED2,2017-03-12 13:05:56,Error-1
298857979,BRiDrSaFjs_,2017-03-12 08:56:15,12
298857979,BRhggVuA1O2,2017-03-12 03:48:55,Error-3
298857979,BRhgOBVADHy,2017-03-12 03:46:25,Error-3
298857979,BRgRRqxgkXY,2017-03-11 16:16:36,14
298857979,BRdJ1uBlYb5,2017-03-10 11:13:54,18
2264732,BGax4X9lkng,2016-06-09 03:20:44,Error-3
2264732,BGZTIp8gJHl,2016-06-08 13:32:50,Error-1
2264732,BGTusw9LQvl,2016-06-06 09:38:15,122
2264732,BGTBp5FlkuF,2016-06-06 03:04:38,Error-1
2264732,BGRi9JeNorf,2016-06-05 13:17:09,Error-3
2264732,BGOYxHrCyYE,2016-06-04 07:50:24,Error-1
2264732,BGMO_nrpk8Q,2016-06-03 11:46:31,12
2264732,BGJxNGmPmfT,2016-06-02 12:47:44,41
2264732,BGCCbQaMgZy,2016-05-30 12:44:17,42
2264732,BFyL0visQQH,2016-05-24 08:58:34,29
2264732,BE_BsCqotsx,2016-05-04 12:08:44,14
2264732,BEi3VRHBftp,2016-04-23 13:39:30,Error-3
219074926,BSQh1_KBBtC,2017-03-30 10:04:55,48
219074926,BSQhxWeBwL3,2017-03-30 10:04:17,38
219074926,BSQdX6yhu7Q,2017-03-30 09:25:52,49
219074926,BSGPG_9gnGQ,2017-03-26 10:08:49,Error-3
219074926,BSF7mjcjYT8,2017-03-26 07:18:21,179
219074926,BRqcB9uAqvP,2017-03-15 15:02:59,109
219074926,BRlGd5WhcMv,2017-03-13 13:18:21,41
219074926,BRfNXj1hlnY,2017-03-11 06:23:13,78
219074926,BRaXUynhoTD,2017-03-09 09:14:01,Error-1
219074926,BRXbbj3DBCS,2017-03-08 05:52:10,Error-3
219074926,BRN1MHilQtu,2017-03-04 12:24:51,58
219074926,BRKok89hacg,2017-03-03 06:36:55,137
1106768,BSU0z9DBVzE,2017-04-01 02:07:38,39
1106768,BSTQUmGBTrz,2017-03-31 11:29:32,29
1106768,BSQ2jyFDFBl,2017-03-30 13:05:56,11
1106768,BSOs6IzBGnx,2017-03-29 17:03:07,20
1106768,BSGMVrQA4D9,2017-03-26 09:44:36,Error-3
1106768,BSBT163F-mN,2017-03-24 12:13:58,Error-1
1106768,BSBRVUzl2GN,2017-03-24 11:52:02,31
1106768,BRp6jZyh4py,2017-03-15 10:10:27,36
1106768,BRiSGwNDmQF,2017-03-12 11:02:20,Error-1
1106768,BRiGT0lhvpW,2017-03-12 09:19:16,Error-3
1106768,BRdPDjDlqo8,2017-03-10 11:59:29,57
1106768,BRSy-M8BFeT,2017-03-06 10:41:40,Error-1
216382516,BSYKf1jhQQG,2017-04-02 09:14:50,36
216382516,BSV8SzcgBYi,2017-04-01 12:32:15,Error-1
216382516,BSTZZQ-Ayyp,2017-03-31 12:48:49,Error-3
216382516,BSLQE4pADC8,2017-03-28 08:53:28,24
216382516,BSGkbb-A8mL,2017-03-26 13:15:06,Error-1
216382516,BSDtesjjpxP,2017-03-25 10:36:28,141
216382516,BR-0v2vDQGw,2017-03-23 13:03:46,12
216382516,BR5w54hBWyS,2017-03-21 13:53:59,Error-1
216382516,BR5pD9ojS7j,2017-03-21 12:45:28,11
216382516,BR3TssPlp0K,2017-03-20 15:00:18,Error-4
216382516,BRrZkLvjPWW,2017-03-16 00:00:41,21
216382516,BRrZDsnjX2T,2017-03-15 23:56:15,15
1095058,BP4T7J5BUW3,2017-01-30 07:18:44,33
1095058,BP4HEuSgqrO,2017-01-30 05:26:26,61
1095058,BPfGoUWA7M3,2017-01-20 12:21:33,94
1095058,BO9b_yugMAs,2017-01-07 10:34:04,Error-4
1095058,BO8nV2OBktW,2017-01-07 02:53:58,14
1095058,BO7A2PXBK8Z,2017-01-06 11:58:22,12
1095058,BO395koBUZV,2017-01-05 07:34:53,101
1095058,BO2O10-AdO4,2017-01-04 15:24:26,32
1095058,BOhTh4jgMHg,2016-12-27 12:21:21,52
1095058,BObVIN0DfdG,2016-12-25 04:39:53,45
1095058,BOKBaRSDAgk,2016-12-18 11:20:30,54
1095058,BOHaM_lDlLQ,2016-12-17 10:59:25,127
6055613,BNUKCWDBi8m,2016-11-27 13:16:53,26
6055613,BNRhHjihWne,2016-11-26 12:40:51,17
6055613,BNPJwPnjuEu,2016-11-25 14:38:12,197
6055613,BNBjWddD7Jr,2016-11-20 07:52:31,Error-1
6055613,BM6VoxLAKAl,2016-11-17 12:38:00,Error-1
6055613,BM6VgnKgBH3,2016-11-17 12:36:53,Error-3
6055613,BM6Vd2dA44D,2016-11-17 12:36:30,Error-3
6055613,BMjHYw1A_C6,2016-11-08 12:10:56,73
6055613,BMd5DndAsF_,2016-11-06 11:29:31,27
6055613,BMbWdOFAjkw,2016-11-05 11:48:42,48
6055613,BMbUX9QAHvF,2016-11-05 11:30:30,Error-3
6055613,BMbJj-AAHc8,2016-11-05 09:56:01,20
601290692,BSSrbqpBPY-,2017-03-31 06:07:11,51
601290692,BSRmksJAkPY,2017-03-30 20:05:29,35
601290692,BSRhpOfg6qq,2017-03-30 19:22:25,180
601290692,BSQ4FUXAeU3,2017-03-30 13:19:15,21
601290692,BSQ2p-8gV2l,2017-03-30 13:06:47,24
601290692,BSQ1AWkgNPY,2017-03-30 12:52:21,41
601290692,BSQjKjtgskW,2017-03-30 10:16:28,53
601290692,BSQbx0yBXUx,2017-03-30 09:11:55,Error-1
601290692,BSOZRdJjkgP,2017-03-29 14:11:33,22
601290692,BSJkN1kjshe,2017-03-27 17:10:58,48
601290692,BSI609vhZKa,2017-03-27 11:09:18,25
601290692,BSDoEM-FEMO,2017-03-25 09:49:10,13
977390,05XC3eJi_a,2015-03-31 14:57:36,37
977390,05VdtFpi9O,2015-03-31 14:43:47,36
977390,x6id-GpuAL,2015-01-16 12:22:28,20
977390,xJ3xjgus0G,2014-12-28 14:45:52,Error-4
977390,wIaQuFSjla,2014-12-03 04:37:20,208
977390,vQo8ZVMJ1d,2014-11-11 12:48:10,Error-1
977390,ummlOqtx1N,2014-10-26 04:59:25,Error-3
977390,uFjwxipDAV,2014-10-13 08:59:51,37
977390,uDnNHrwRTz,2014-10-12 14:51:27,34
977390,uDnC40QRTg,2014-10-12 14:50:03,24
977390,uDmvuDQRS1,2014-10-12 14:47:26,27
977390,uDlxqXwRRM,2014-10-12 14:38:58,21
599159,BPKwrcBBBa1,2017-01-12 14:44:55,88
599159,BPANd9Wlj90,2017-01-08 12:24:51,43
599159,BOpBSPgghVb,2016-12-30 12:15:51,15
599159,BOMGgDrDQAN,2016-12-19 06:43:27,22
599159,BOCZIlYAdXx,2016-12-15 12:13:52,24
599159,BOCVhTygwdO,2016-12-15 11:42:18,17
599159,BNeLOweBlLB,2016-12-01 10:39:43,Error-3
599159,BMg5A7Yhkmo,2016-11-07 15:26:52,Error-3
599159,BMg4siYB06M,2016-11-07 15:24:05,Error-1
599159,BMRIv5XghKZ,2016-11-01 12:36:30,Error-1
599159,BLWIHMpgO1v,2016-10-09 14:35:46,Error-3
599159,BLBhyF5BKdg,2016-10-01 14:36:01,20
973915,BKa-aD1BGX1,2016-09-16 15:15:46,34
973915,BJ7V65mjYz7,2016-09-04 08:25:32,48
973915,BJ64naUjWHn,2016-09-04 04:09:28,16
973915,BCpHEGQudqm,2016-03-07 06:49:37,Error-1
973915,BCkypsWgwem,2016-03-05 14:34:17,204
973915,BCaPG_Fudtk,2016-03-01 12:11:19,41
973915,BCZ8CtjOdi8,2016-03-01 09:24:42,30
973915,BCZn1bmudsL,2016-03-01 06:28:08,37
973915,BCZSSFKOdvV,2016-03-01 03:19:48,Error-1
973915,BCWztCkudoB,2016-02-29 04:14:07,41
973915,BCSJ-CoQdcp,2016-02-27 08:52:28,26
973915,BCR99BuQdbs,2016-02-27 07:07:29,37
275443138,BR0hq7ojaX9,2017-03-19 13:04:40,160
275443138,BRtdefDFJ_g,2017-03-16 19:13:20,64
275443138,BRpi6yvgYLN,2017-03-15 06:43:56,Error-1
275443138,BRnH5APjPwf,2017-03-14 08:09:17,Error-4
275443138,BRXT69kBlBi,2017-03-08 04:46:33,37
275443138,BRTY0rugLzE,2017-03-06 16:12:25,25
275443138,BRQys6fAfak,2017-03-05 16:00:50,20
275443138,BRNfNhgBWWV,2017-03-04 09:12:48,Error-1
275443138,BRIrwhSFZqD,2017-03-02 12:26:14,80
275443138,BRIrvlTlfuZ,2017-03-02 12:26:06,36
275443138,BQ7k03hlVDD,2017-02-25 10:15:32,616
275443138,BQ0YeAPgC4S,2017-02-22 15:12:52,23
2025750,BRafoMvBslL,2017-03-09 10:26:34,22
2025750,BRIiUjFFezK,2017-03-02 11:03:46,21
2025750,BPNHl0dBpcM,2017-01-13 12:43:37,208
2025750,BPEsIJHBNIG,2017-01-10 06:09:43,183
2025750,BObZBCXhCtr,2016-12-25 05:13:51,122
2025750,BMa8A9LjvcD,2016-11-05 07:57:39,Error-1
2025750,_JmfIjoaDZ,2015-12-11 11:34:19,43
2025750,-qzCeNE0vu,2015-11-29 12:27:32,23
219937667,BRIswWrD49G,2017-03-02 12:34:57,13
219937667,BQ-pAUjj-XR,2017-02-26 14:49:46,15
219937667,BQ8QvFQAs2s,2017-02-25 16:39:13,49
219937667,BQ4WP1sBM2e,2017-02-24 04:10:25,21
219937667,BQvEFvwgYDF,2017-02-20 13:38:36,11
219937667,BQuJowKFgJD,2017-02-20 05:07:49,134
219937667,BQuJL70lQ45,2017-02-20 05:03:53,56
219937667,BQpppPajpmV,2017-02-18 11:11:18,Error-1
219937667,BQpmr__DDmy,2017-02-18 10:45:28,39
219937667,BQmrG7YFNH6,2017-02-17 07:26:23,Error-1
219937667,BQkEFMTFzoD,2017-02-16 07:06:52,106
219937667,BQiHffZAGlG,2017-02-15 12:58:12,Error-1
2372044,BSWJ09xAewt,2017-04-01 14:30:30,40
2372044,BSTaWxigGrd,2017-03-31 12:57:13,18
2372044,BSOGgdpBLI8,2017-03-29 11:27:34,18
2372044,BSGUBr5jhzv,2017-03-26 10:51:47,67
2372044,BR2Y-G-AxLo,2017-03-20 06:27:08,128
2372044,BRib6N-jzqG,2017-03-12 12:28:00,Error-1
2372044,BRfgZwEgrx3,2017-03-11 09:09:32,12
2372044,BRcYCRah3K_,2017-03-10 03:58:42,54
2372044,BRXxB8kja5P,2017-03-08 09:00:55,35
2372044,BRVuOo_jU-S,2017-03-07 13:57:57,136
2372044,BRHJuktA8tc,2017-03-01 22:09:38,Error-1
2372044,BRAQHMNl50c,2017-02-27 05:50:44,26
17421048,BHBMDL5jtUZ,2016-06-24 01:20:32,Error-3
17421048,uznY-nQxwV,2014-10-31 06:16:37,156
17421048,nDWzUYHUNU,2014-04-21 12:48:22,Error-1
17421048,lfVdwCGFOx,2014-03-13 16:32:37,73
17421048,lfMxizMQSo,2014-03-13 15:16:41,75
17421048,lfJIUpsdXm,2014-03-13 14:44:50,15
17421048,lc3KBbIg1V,2014-03-12 17:29:18,Error-1
17421048,lc1yfSogzq,2014-03-12 17:17:21,14
17421048,lc1d_WogzJ,2014-03-12 17:14:33,20
17421048,lc0RqrogxU,2014-03-12 17:04:08,33
17421048,lZ4ZtyDW30,2014-03-11 13:42:28,Error-1
17421048,lW9RS1ogTK,2014-03-10 10:27:17,Error-3
517162631,BSYXVevAICY,2017-04-02 11:07:01,Error-1
517162631,BSYN8NAFGtE,2017-04-02 09:44:56,Error-3
517162631,BSGKwtVBcZ5,2017-03-26 09:30:49,47
517162631,BR5FPNeh3hV,2017-03-21 07:32:25,Error-1
517162631,BR0dIxgDG4u,2017-03-19 12:25:03,31
517162631,BRqDnrFgp-j,2017-03-15 11:29:41,Error-3
517162631,BRky0XYB0Jj,2017-03-13 10:26:40,153
517162631,BRS9oKDA7D9,2017-03-06 12:14:47,95
517162631,BRSeD4gjbOs,2017-03-06 07:38:57,60
517162631,BRQDmiEAI-j,2017-03-05 09:09:16,Error-3
517162631,BQ2nfUPBl5I,2017-02-23 12:02:36,47
517162631,BQsV0mNh8F0,2017-02-19 12:15:49,Error-1
224642231,BSFpBvcghZY,2017-03-26 04:36:03,27
224642231,BR_c9S3DO45,2017-03-23 18:55:08,20
224642231,BR734-Hg4GR,2017-03-22 09:33:31,17
224642231,BR2YvebBPbb,2017-03-20 06:25:08,Error-4
224642231,BR0dx3FhYVn,2017-03-19 12:30:40,24
224642231,BRXPfrajVjL,2017-03-08 04:07:52,42
224642231,BRN1EAnBAD6,2017-03-04 12:23:44,17
224642231,BRDmn-dDcVL,2017-02-28 13:05:10,78
224642231,BQw03lhl8iV,2017-02-21 06:04:04,Error-3
224642231,BQZ-sY9lsJa,2017-02-12 09:07:23,13
224642231,BQZfJ23DNP9,2017-02-12 04:31:48,21
224642231,BQSzZ8-lxxU,2017-02-09 14:14:04,25
2209949,BQZkomUBmHX,2017-02-12 05:19:41,30
2209949,BQNYBYuDasC,2017-02-07 11:38:35,78
2209949,BP4pQ2sD5mk,2017-01-30 10:25:11,29
2209949,BPohSMvDVeJ,2017-01-24 04:07:37,138
2209949,BPd_qU5AsZd,2017-01-20 02:01:25,114
2209949,BPCdy9wD49N,2017-01-09 09:26:00,15
2209949,BPAPe0_gi9N,2017-01-08 12:42:26,26
2209949,BOuEOaRhDvt,2017-01-01 11:17:45,Error-1
2209949,BOXEN0zljxg,2016-12-23 12:55:08,Error-3
2209949,BORcb-pgZxm,2016-12-21 08:31:20,Error-3
2209949,BOMlT85BJNd,2016-12-19 11:12:41,81
2209949,BOKC7SMBYax,2016-12-18 11:33:44,Error-1
728668,BSL_mo3BeL_,2017-03-28 15:48:46,17
728668,BSL_KO7hw6q,2017-03-28 15:44:53,Error-1
728668,BSDRr1WAdBX,2017-03-25 06:33:36,16
728668,BR7d12hj2kJ,2017-03-22 05:45:54,48
728668,BRkM8Bogkue,2017-03-13 04:55:39,21
728668,BRTLEnIhB6-,2017-03-06 14:12:16,Error-3
728668,BRN_mtLhpE3,2017-03-04 13:55:52,Error-3
728668,BRN_DknhEej,2017-03-04 13:51:04,Error-3
728668,BRN-1G0hrID,2017-03-04 13:49:05,Error-3
728668,BRN-kZbhhQ1,2017-03-04 13:46:48,Error-3
728668,BRN94DvBUB6,2017-03-04 13:40:45,Error-3
728668,BRN9oE7hXck,2017-03-04 13:38:34,Error-3
716341243,BSTgqE6hmMa,2017-03-31 13:52:16,14
716341243,BSTaRxeh68i,2017-03-31 12:56:32,19
716341243,BSTAeZQhNeY,2017-03-31 09:11:04,Error-1
716341243,BSQMR9ABCsC,2017-03-30 06:56:30,16
716341243,BSFsz7Egby7,2017-03-26 05:09:07,273
716341243,BSBZvePgCYM,2017-03-24 13:05:31,11
716341243,BR0HLdPlJBU,2017-03-19 09:13:11,Error-3
716341243,BRvKa5oj6Kn,2017-03-17 11:05:18,Error-3
716341243,BRr6FeQD4Pt,2017-03-16 04:44:51,28
716341243,BRqVPDhDRMy,2017-03-15 14:03:36,15
716341243,BRqU9kFj_d6,2017-03-15 14:01:13,11
716341243,BRqP2yFjd_H,2017-03-15 13:16:36,14
215628063,BSPlSdEgxdn,2017-03-30 01:15:47,89
215628063,BSIg6XZD-8V,2017-03-27 07:22:51,44
215628063,BSF_S7bAHVl,2017-03-26 07:50:38,21
215628063,BSFjnkMhj-S,2017-03-26 03:48:47,108
215628063,BSFJ9zagM0G,2017-03-26 00:04:37,39
215628063,BSBgPOuBKgP,2017-03-24 14:02:17,Error-4
215628063,BR-ydWig2o2,2017-03-23 12:43:46,140
215628063,BR-b2ydgWFO,2017-03-23 09:26:16,11
215628063,BR50RmZATrA,2017-03-21 14:23:26,43
215628063,BR3GxYIgvh1,2017-03-20 13:07:21,31
215628063,BR3GeMkhk1C,2017-03-20 13:04:44,84
215628063,BR0YGjqF-Ww,2017-03-19 11:41:04,11
17113260,zxC6CdrJdO,2015-03-03 12:56:18,Error-1
17113260,uS4HCKERmw,2014-10-18 13:07:47,63
17113260,shPhMIMhEh,2014-09-04 09:58:54,33
17113260,rmIZxUDDvL,2014-08-12 11:01:32,Error-3
17113260,q1fdkUt7be,2014-07-24 13:40:14,12
17113260,qrNis4Dgxd,2014-07-20 13:51:15,76
17113260,p0CqGZgbC9,2014-06-29 03:37:55,17
17113260,pfKZ5Npq42,2014-06-21 01:01:33,38
17113260,oOJ-Y6RavL,2014-05-20 13:59:19,152
17113260,nQQmLMhtk7,2014-04-26 13:04:16,Error-1
17113260,nGBT4kDZ6F,2014-04-22 13:38:17,Error-1
17113260,nGBIqyjZ5x,2014-04-22 13:36:45,Error-3
649349,BPNXaWLDvOv,2017-01-13 15:01:51,31
649349,BPCJE0Hh3Rh,2017-01-09 06:24:56,72
649349,BO2DveMDnwW,2017-01-04 13:47:27,18
649349,BOUf70Ug-t8,2016-12-22 12:59:37,Error-1
649349,BOKIDSYBbUH,2016-12-18 12:18:31,103
649349,BOKBhctFpiz,2016-12-18 11:21:28,14
649349,BNVxcgwhs4w,2016-11-28 04:20:29,88
649349,BNT22EOD6xj,2016-11-27 10:29:11,18
649349,BNQvpHuAs2D,2016-11-26 05:28:31,Error-3
649349,BNQtkdNAZ4S,2016-11-26 05:10:25,Error-3
649349,BNHVFeYhAHW,2016-11-22 13:43:18,34
649349,BM-9GjZBTHZ,2016-11-19 07:39:49,42
241399355,BOhdkmqgNaZ,2016-12-27 13:49:06,11
241399355,BONcgwFAlAh,2016-12-19 19:15:02,86
241399355,BNy6pKdhvNZ,2016-12-09 11:58:50,55
241399355,BKvV3TZjDzU,2016-09-24 13:05:33,325
241399355,BKspiz8jWAM,2016-09-23 11:59:47,368
241399355,BKqQ32ZAOAH,2016-09-22 13:45:43,109
241399355,BKnXjDgAq2W,2016-09-21 10:46:20,20
241399355,BKmaMiwAGDJ,2016-09-21 01:50:14,Error-1
241399355,BKlUP5BjHtw,2016-09-20 15:39:01,23
241399355,BKkUUnRgK6V,2016-09-20 06:20:25,20
241399355,BKjJDA4g0-e,2016-09-19 19:22:40,61
241399355,BKiZuY_h9H2,2016-09-19 12:29:09,85
518550680,BSYNjWklWBj,2017-04-02 09:41:32,Error-3
518550680,BSVad6XBQSd,2017-04-01 07:36:40,Error-1
518550680,BR5e2MblvFr,2017-03-21 11:16:12,13
518550680,BR0eJegg40X,2017-03-19 12:33:53,26
518550680,BRx7LYtD8l5,2017-03-18 12:49:50,Error-1
518550680,BRXz9w7DE_F,2017-03-08 09:26:33,42
518550680,BRR806HFT-F,2017-03-06 02:48:33,21
518550680,BRIc5bzF7sW,2017-03-02 10:16:23,183
518550680,BRAnIb8F7IK,2017-02-27 09:11:53,34
518550680,BQxgLzHhyK_,2017-02-21 12:22:34,Error-1
518550680,BQxgHrFBlst,2017-02-21 12:22:00,Error-3
518550680,BQflre-FC7P,2017-02-14 13:24:15,72
426066,BP2KdOGhF35,2017-01-29 11:17:31,46
426066,BP1v48mjFIW,2017-01-29 07:25:22,Error-1
426066,BPzvm0vlimz,2017-01-28 12:44:25,134
426066,BPzcaiZjvYB,2017-01-28 09:56:43,Error-3
426066,BPzQ9Zzld_8,2017-01-28 08:16:37,14
426066,BPhK77AgHof,2017-01-21 07:37:39,Error-1
426066,BPeJ61Hg243,2017-01-20 03:31:03,Error-1
426066,BPaT7xdArqx,2017-01-18 15:41:36,Error-3
426066,BPaCbfhglFl,2017-01-18 13:08:38,Error-3
426066,BPUkNFsgUC0,2017-01-16 10:08:20,447
426066,BPO7y4VAkxo,2017-01-14 05:39:01,Error-3
426066,BPNLL-PlVQn,2017-01-13 13:15:02,Error-1
1477736,BQVTbmYgSZm,2017-02-10 13:32:24,35
1477736,BQGHEwTgdrr,2017-02-04 15:55:49,121
1477736,BQC9j8fBeh4,2017-02-03 10:34:58,Error-1
1477736,BQBAcJiB6A0,2017-02-02 16:21:38,Error-1
1477736,BP4Nd4lAzod,2017-01-30 06:22:18,Error-4
1477736,BPVPlmaA69Y,2017-01-16 16:27:25,228
1477736,BOe67hfBlqv,2016-12-26 14:07:55,Error-1
1477736,BOedZd8hrfe,2016-12-26 09:49:52,221
1477736,BOd2rxPB0Yk,2016-12-26 04:11:34,224
1477736,BN4WSltlDpc,2016-12-11 14:36:37,Error-3
1477736,BNuJiSzhg9M,2016-12-07 15:32:46,104
1477736,BMtIu_mgGg6,2016-11-12 09:35:07,37
723277352,BMBgCddgpQ5,2016-10-26 10:52:10,Error-1
723277352,BL6aQ3pg2eW,2016-10-23 16:47:02,292
723277352,BLqhsAEDf3N,2016-10-17 12:44:03,Error-1
723277352,BKHO6r4jcFu,2016-09-08 23:15:13,Error-1
723277352,BJ8RMTuhtvC,2016-09-04 17:03:27,18
723277352,BJ8C8VJjDox,2016-09-04 14:58:56,16
723277352,BJCcUTEDBsD,2016-08-13 06:04:43,Error-1
723277352,BI4pV5Fj1Mg,2016-08-09 10:46:07,25
723277352,BH-CnauA0BA,2016-07-17 16:31:47,15
723277352,BHpRbCfgTAd,2016-07-09 14:57:06,61
723277352,BHoYZk9BK22,2016-07-09 06:38:50,80
723277352,BHeySfLD3C1,2016-07-05 13:12:39,268
125894574,BSXsr0ZhJyM,2017-04-02 04:54:20,25
125894574,BSKLdtigpQm,2017-03-27 22:53:55,Error-1
125894574,BSHybiAF6tA,2017-03-27 00:36:41,56
125894574,BSC0d3KDgp4,2017-03-25 02:18:17,29
125894574,BR_IqfJA6L5,2017-03-23 15:57:48,Error-3
125894574,BR-1QAkldvh,2017-03-23 13:08:10,17
125894574,BRfyAXCgjk5,2017-03-11 11:43:21,334
125894574,BRb9_g_g_F2,2017-03-10 00:11:08,14
125894574,BRV_H_vBZgX,2017-03-07 16:25:35,Error-1
125894574,BRN4cWZgl9u,2017-03-04 12:53:17,>98
125894574,BQ-ihfsA5hL,2017-02-26 13:53:08,Error-1
125894574,BQ83p5CAASO,2017-02-25 22:19:18,Error-1
213098058,BSVqNWXgkZC,2017-04-01 09:54:13,26
213098058,BSVbzLclc88,2017-04-01 07:48:18,Error-1
213098058,BSVFeysjqPG,2017-04-01 04:33:17,Error-3
213098058,BSTQgXalJWn,2017-03-31 11:31:08,12
213098058,BSTNlToFOGM,2017-03-31 11:05:36,57
213098058,BSTIO_EgqYj,2017-03-31 10:18:52,153
213098058,BSSuR3Jl6vW,2017-03-31 06:32:04,24
213098058,BSSs1qSFjmO,2017-03-31 06:19:28,121
213098058,BSSsxL7gurw,2017-03-31 06:18:52,14
213098058,BSSqRPhhmRQ,2017-03-31 05:57:01,90
213098058,BSSlQGogsdv,2017-03-31 05:13:11,40
213098058,BSSZMUWgV_c,2017-03-31 03:27:48,150
14710394,BSV8YRCjROc,2017-04-01 12:32:59,25
14710394,BSVe-F7DW-o,2017-04-01 08:16:01,31
14710394,BSVe7PkD-Cw,2017-04-01 08:15:37,74
14710394,BSU4mZWDJcI,2017-04-01 02:40:44,94
14710394,BSQDFYmhHCc,2017-03-30 05:36:08,Error-3
14710394,BSPipajD1Hf,2017-03-30 00:52:42,15
14710394,BSIzonrAB8x,2017-03-27 10:06:27,Error-1
14710394,BSGi_vejGss,2017-03-26 13:02:35,Error-1
14710394,BR5ReBZgsil,2017-03-21 09:19:18,14
14710394,BR20hsgAT4m,2017-03-20 10:27:55,51
14710394,BR2roA8jRYw,2017-03-20 09:10:08,80
14710394,BR03LDNAYEK,2017-03-19 16:12:34,26
250490960,BSIS2kag3MV,2017-03-27 05:20:00,13
250490960,BSGh6C7hTdt,2017-03-26 12:53:04,46
250490960,BSGNAmXgwNg,2017-03-26 09:50:28,36
250490960,BSEDZnygU0o,2017-03-25 13:48:01,90
250490960,BSDvpiNg_ui,2017-03-25 10:55:25,17
250490960,BSA-v_3AU5c,2017-03-24 09:09:39,33
250490960,BR8Fy0bBnci,2017-03-22 11:35:00,15
250490960,BR5fSgZDGjv,2017-03-21 11:20:04,Error-3
250490960,BR0nVcpAyNO,2017-03-19 13:54:10,38
250490960,BRx5tlxgig4,2017-03-18 12:37:02,20
250490960,BRnh4lBgRyS,2017-03-14 11:56:25,52
250490960,BRik6f4FD5S,2017-03-12 13:46:41,18
347179825,BSYQsGXAvnE,2017-04-02 10:08:57,Error-1
347179825,BSVy5YXg6fX,2017-04-01 11:10:08,Error-1
347179825,BSUvghbAERE,2017-04-01 01:21:17,27
347179825,BSTKY3SgYNC,2017-03-31 10:37:41,24
347179825,BSS-9DxlRaD,2017-03-31 08:57:46,70
347179825,BSSuJbOgo3J,2017-03-31 06:30:55,25
347179825,BSSR2KVg0g2,2017-03-31 02:23:37,Error-1
347179825,BSOACnBgIIj,2017-03-29 10:31:04,21
347179825,BSNfUwHAiFX,2017-03-29 05:45:11,27
347179825,BSLeDCHABTT,2017-03-28 10:55:33,29
347179825,BR7lymVALls,2017-03-22 06:55:21,14
347179825,BR5N7DwAqSW,2017-03-21 08:48:19,Error-1
261644816,BSIalWwFCI9,2017-03-27 06:27:33,13
